user_id,total_loans,on_time_repayments,repayment_status,repayment_dates,loan_type,outstanding_amount
1,4,1,Default,2023-04-11,unsecured,38393
2,2,2,On-Time,2022-11-25,unsecured,45894
3,4,2,Late,2020-10-21,unsecured,2876
4,2,1,Default,2023-10-20,secured,4763
5,4,2,Default,2023-03-05,secured,31731
6,4,2,Late,2024-03-29,secured,34765
7,1,1,Late,2020-10-16,secured,44012
8,3,0,On-Time,2022-10-24,secured,42784
9,1,4,On-Time,2022-01-27,secured,43454
10,3,1,Default,2020-09-04,unsecured,4355
11,1,3,Late,2022-07-13,secured,33237
12,0,4,Default,2020-03-24,secured,23681
13,4,2,Default,2022-08-06,secured,15658
14,0,2,On-Time,2021-01-06,unsecured,19020
15,0,1,Late,2024-02-16,unsecured,21995
16,4,1,Late,2020-07-06,unsecured,45996
17,3,4,Late,2023-08-13,unsecured,13477
18,4,0,Default,2020-11-16,secured,48199
19,0,1,Late,2022-07-22,secured,46343
20,1,1,On-Time,2021-06-30,secured,33990
21,2,3,Late,2022-08-13,unsecured,31526
22,1,4,On-Time,2025-04-27,unsecured,24606
23,3,0,Default,2021-03-31,secured,22386
24,1,0,Default,2022-05-02,unsecured,49513
25,4,0,Default,2024-05-22,unsecured,28527
26,3,2,Late,2024-02-08,unsecured,22179
27,4,1,On-Time,2021-02-14,unsecured,39115
28,1,3,On-Time,2023-08-21,secured,39121
29,1,0,On-Time,2020-09-13,secured,41103
30,0,0,On-Time,2023-11-22,secured,8106
31,1,2,Late,2020-08-19,unsecured,19410
32,3,1,Default,2020-07-20,secured,7116
33,3,3,Default,2022-03-23,secured,21302
34,2,1,Late,2021-05-03,unsecured,41654
35,0,2,Late,2024-06-10,unsecured,39256
36,1,3,Late,2021-06-25,secured,92
37,4,4,On-Time,2020-06-19,unsecured,60
38,3,4,On-Time,2020-10-08,secured,9117
39,4,4,Late,2021-03-10,secured,36310
40,3,2,Default,2024-06-14,unsecured,41520
41,1,0,Default,2021-04-10,unsecured,24829
42,0,1,On-Time,2021-07-22,unsecured,7395
43,3,4,Late,2021-03-02,secured,30861
44,3,4,Late,2020-03-30,secured,12027
45,2,0,Late,2023-01-05,unsecured,9137
46,4,0,Late,2023-11-18,secured,26916
47,1,0,Default,2022-06-09,secured,30330
48,1,4,On-Time,2024-01-31,secured,5004
49,3,3,Late,2020-05-25,secured,34679
50,0,2,On-Time,2023-06-13,secured,20488
51,3,2,Default,2024-04-24,unsecured,11769
52,2,4,Default,2021-06-04,secured,46076
53,2,0,On-Time,2024-02-06,unsecured,42588
54,1,1,On-Time,2023-09-15,secured,10596
55,3,0,Default,2024-03-03,unsecured,17186
56,0,0,Late,2020-05-20,secured,19167
57,0,0,Default,2022-03-14,secured,40879
58,2,0,Late,2022-07-30,unsecured,9453
59,0,0,Late,2024-03-12,secured,16210
60,0,3,Default,2024-10-17,unsecured,4728
61,3,0,On-Time,2024-11-06,secured,48534
62,4,2,Default,2024-07-01,unsecured,19025
63,1,0,Late,2022-11-29,secured,31393
64,1,2,On-Time,2020-12-30,secured,47260
65,1,3,On-Time,2020-02-23,unsecured,18622
66,0,3,On-Time,2022-10-09,unsecured,5895
67,2,4,Default,2021-05-08,secured,45736
68,3,3,Late,2022-07-16,secured,18269
69,1,2,On-Time,2023-12-02,unsecured,41489
70,3,3,Late,2023-04-22,unsecured,22812
71,0,2,Late,2020-05-11,unsecured,38177
72,1,0,Default,2021-08-13,unsecured,7557
73,4,0,Default,2023-06-08,unsecured,38738
74,2,0,On-Time,2024-11-04,unsecured,22967
75,2,4,Default,2020-02-01,secured,37068
76,1,1,Late,2024-06-09,unsecured,18952
77,2,3,Default,2021-03-26,unsecured,17546
78,2,2,Default,2022-11-27,unsecured,36188
79,4,0,Default,2021-10-21,unsecured,16582
80,3,4,Default,2023-12-06,unsecured,32020
81,2,0,On-Time,2024-04-08,unsecured,18849
82,2,4,On-Time,2021-11-14,secured,23279
83,0,4,Late,2020-10-17,unsecured,15147
84,1,2,Default,2021-12-13,secured,33362
85,4,4,Default,2020-05-26,unsecured,270
86,1,0,On-Time,2021-09-24,secured,11303
87,4,0,Default,2023-10-21,secured,28386
88,3,1,Late,2020-11-16,unsecured,46822
89,0,1,Late,2020-10-13,unsecured,40876
90,0,0,Default,2022-09-27,unsecured,40520
91,4,3,On-Time,2023-10-05,secured,45012
92,0,0,Late,2020-10-06,secured,29625
93,1,2,Default,2021-02-26,unsecured,29522
94,0,2,Late,2023-08-04,secured,34023
95,4,2,On-Time,2024-06-18,secured,18882
96,4,0,Late,2022-06-23,secured,32052
97,4,3,Default,2024-04-25,unsecured,38559
98,2,0,On-Time,2020-05-17,secured,32359
99,0,2,Default,2020-03-19,unsecured,7577
100,0,4,Default,2023-10-28,secured,14700
101,0,0,Default,2020-01-01,secured,2051
102,1,2,On-Time,2024-12-19,unsecured,29039
103,2,3,On-Time,2023-11-16,unsecured,11728
104,2,2,Default,2020-07-22,unsecured,9043
105,0,0,Late,2022-09-24,unsecured,11791
106,4,3,Late,2020-03-02,secured,36814
107,0,1,Default,2021-07-09,unsecured,35323
108,0,2,Late,2021-11-05,secured,26536
109,4,0,Late,2020-02-08,unsecured,37141
110,0,1,On-Time,2024-12-03,secured,11010
111,2,2,On-Time,2022-01-17,secured,20100
112,4,3,Default,2021-02-13,unsecured,28861
113,3,4,Default,2024-08-14,secured,28994
114,3,0,Default,2024-12-07,unsecured,7543
115,0,3,Default,2023-05-21,unsecured,38220
116,1,2,On-Time,2023-01-15,unsecured,33433
117,1,3,Default,2021-06-11,secured,27906
118,2,4,On-Time,2022-08-02,secured,29164
119,2,0,On-Time,2021-06-25,unsecured,40482
120,4,3,Late,2025-03-27,secured,5714
121,1,3,On-Time,2022-02-26,secured,24737
122,1,3,Default,2021-11-05,unsecured,42789
123,3,2,Default,2024-04-14,unsecured,26772
124,1,4,On-Time,2024-04-13,secured,49745
125,1,2,Late,2025-02-17,unsecured,42033
126,1,0,Default,2024-07-05,secured,18252
127,4,1,Late,2024-01-26,secured,11653
128,4,3,On-Time,2021-03-06,secured,11641
129,4,2,Late,2025-04-17,unsecured,34132
130,0,4,Default,2025-02-28,unsecured,40824
131,3,4,Default,2020-08-26,secured,17550
132,3,0,Late,2021-10-27,unsecured,35046
133,4,1,Default,2023-04-07,secured,2702
134,2,4,On-Time,2023-08-01,secured,45388
135,1,1,On-Time,2020-01-03,secured,1964
136,1,0,On-Time,2020-10-29,secured,26424
137,3,3,Late,2024-02-19,secured,48448
138,0,2,On-Time,2023-03-26,secured,3503
139,2,3,Late,2023-04-29,unsecured,18792
140,3,2,On-Time,2024-07-14,unsecured,38758
141,0,2,Default,2021-02-22,unsecured,2814
142,3,3,Default,2022-11-04,secured,45488
143,3,4,Late,2023-11-03,unsecured,27281
144,4,4,Default,2025-01-03,secured,34709
145,4,2,Late,2021-05-07,secured,25347
146,4,2,Late,2024-04-19,unsecured,18603
147,4,1,On-Time,2023-08-14,unsecured,32400
148,2,0,On-Time,2021-05-13,unsecured,22409
149,1,1,Late,2023-08-14,secured,13074
150,0,0,On-Time,2021-03-09,secured,29954
151,4,4,Default,2023-06-14,unsecured,27488
152,4,3,On-Time,2020-12-17,unsecured,48415
153,1,1,Late,2024-12-09,unsecured,14941
154,1,2,Late,2023-12-14,unsecured,25163
155,1,2,Late,2022-05-06,unsecured,38914
156,3,2,Late,2020-10-07,secured,31988
157,3,1,On-Time,2023-11-29,secured,2297
158,1,1,Late,2024-07-31,unsecured,16375
159,4,2,Late,2022-05-15,secured,18630
160,4,3,On-Time,2024-03-30,unsecured,30788
161,0,3,Default,2024-10-08,secured,13249
162,3,2,Late,2021-06-26,secured,19083
163,0,2,Late,2022-11-15,unsecured,49558
164,2,2,On-Time,2024-05-23,unsecured,10344
165,0,2,Late,2020-01-07,secured,29451
166,1,1,On-Time,2024-01-17,unsecured,10227
167,4,0,Late,2022-04-22,secured,11210
168,1,1,Default,2022-05-31,unsecured,17130
169,3,3,Default,2025-01-15,secured,48371
170,1,2,Default,2020-10-23,secured,38768
171,3,4,On-Time,2022-11-11,unsecured,19335
172,4,3,On-Time,2020-01-29,unsecured,20543
173,1,3,Late,2024-05-31,secured,26925
174,2,3,Late,2024-04-05,secured,45893
175,4,3,Default,2022-06-24,unsecured,48671
176,2,3,On-Time,2020-08-19,secured,37964
177,3,3,Late,2024-04-13,secured,4388
178,2,4,Default,2023-11-11,unsecured,29122
179,1,1,Late,2021-08-24,secured,25932
180,0,4,On-Time,2024-08-24,unsecured,40949
181,4,2,Default,2023-02-27,secured,34177
182,2,4,Late,2025-01-07,secured,30154
183,2,4,On-Time,2021-10-06,unsecured,35853
184,4,1,Late,2020-06-17,secured,21820
185,3,3,Default,2022-12-20,unsecured,43378
186,0,1,On-Time,2021-04-29,secured,952
187,2,2,Late,2020-08-19,unsecured,14012
188,0,2,Late,2024-08-30,secured,36340
189,3,2,On-Time,2021-05-27,unsecured,6961
190,0,4,Late,2020-08-24,secured,37381
191,3,4,Late,2021-04-28,secured,30592
192,0,0,Default,2022-11-18,secured,5416
193,1,4,On-Time,2021-03-22,secured,28761
194,3,2,Default,2023-08-25,unsecured,14382
195,0,4,On-Time,2022-01-30,unsecured,38280
196,4,2,Late,2023-06-23,secured,49713
197,3,4,Late,2021-01-05,secured,27582
198,2,4,Late,2020-05-08,unsecured,23027
199,4,4,Default,2023-11-09,secured,13410
200,0,3,On-Time,2024-02-16,secured,49185
201,3,4,Default,2024-08-15,unsecured,31513
202,4,3,Late,2022-09-22,secured,2206
203,0,1,On-Time,2023-06-20,unsecured,24227
204,4,1,Default,2021-07-31,secured,11368
205,1,2,On-Time,2024-09-25,secured,49480
206,4,2,Default,2024-08-12,secured,48949
207,0,0,On-Time,2020-03-19,secured,21413
208,1,1,Default,2020-03-03,unsecured,8067
209,1,4,Late,2024-05-17,unsecured,42438
210,4,3,Default,2024-05-08,secured,36961
211,2,3,Default,2021-12-06,secured,7190
212,0,1,Default,2025-03-20,secured,25979
213,4,1,On-Time,2024-05-03,unsecured,28205
214,1,4,Late,2021-07-24,unsecured,46090
215,4,2,Late,2023-11-05,secured,45858
216,4,2,Default,2023-07-13,secured,37492
217,0,2,On-Time,2024-08-25,secured,20948
218,1,4,Late,2024-05-29,secured,30571
219,4,4,On-Time,2025-03-13,secured,37293
220,0,3,Late,2021-10-17,secured,17387
221,3,1,On-Time,2021-10-24,unsecured,7431
222,0,0,On-Time,2022-08-01,unsecured,42086
223,3,4,Default,2024-07-08,unsecured,13883
224,2,4,Default,2020-05-13,unsecured,19055
225,1,1,On-Time,2024-07-10,secured,37354
226,2,1,On-Time,2021-07-16,unsecured,8022
227,0,3,On-Time,2022-10-25,secured,12367
228,4,0,Late,2021-10-15,secured,47042
229,2,1,Late,2022-08-22,unsecured,40335
230,2,2,Default,2023-12-20,unsecured,37337
231,3,2,Default,2024-10-22,secured,9137
232,0,1,Late,2023-09-22,unsecured,39398
233,1,3,Late,2020-07-03,secured,9400
234,2,3,Late,2021-01-04,secured,9778
235,1,2,Default,2022-03-31,unsecured,18679
236,0,1,Late,2025-02-21,secured,47574
237,3,0,Late,2021-03-14,secured,45400
238,1,2,On-Time,2021-03-29,secured,17797
239,4,0,Default,2024-06-29,unsecured,42147
240,0,3,Late,2023-12-29,secured,31683
241,3,2,On-Time,2022-07-15,unsecured,13535
242,2,4,Default,2022-12-04,unsecured,45501
243,2,4,On-Time,2023-09-14,secured,31449
244,1,0,Late,2022-02-24,unsecured,42199
245,4,3,Default,2024-07-29,unsecured,17742
246,0,3,Late,2024-07-22,unsecured,3332
247,0,0,Default,2021-10-23,unsecured,10218
248,2,4,Late,2020-05-25,unsecured,23444
249,2,3,On-Time,2025-04-11,unsecured,23827
250,3,2,Late,2021-05-22,secured,13301
251,4,0,Late,2023-09-07,secured,49259
252,2,2,Default,2024-02-27,unsecured,40151
253,4,3,Default,2020-04-23,secured,8285
254,4,3,Default,2021-07-04,secured,21682
255,0,1,On-Time,2023-08-19,secured,31819
256,0,4,On-Time,2021-07-20,unsecured,10406
257,0,1,Late,2020-05-18,secured,6753
258,0,4,Late,2024-01-18,unsecured,2476
259,4,4,On-Time,2021-03-28,secured,30396
260,3,4,On-Time,2025-04-10,unsecured,16360
261,4,4,Default,2023-08-14,unsecured,28488
262,1,1,Default,2023-07-28,secured,7106
263,0,0,On-Time,2022-10-18,unsecured,25869
264,4,4,On-Time,2022-10-16,secured,6292
265,0,3,Default,2025-04-20,secured,37770
266,2,1,On-Time,2022-06-23,secured,11460
267,4,0,Late,2020-09-16,secured,12491
268,4,0,On-Time,2020-07-23,secured,49727
269,3,2,Default,2022-03-05,unsecured,2115
270,1,0,Default,2020-01-03,secured,4692
271,1,3,Late,2023-07-27,secured,45249
272,2,3,Late,2023-12-10,unsecured,34083
273,0,3,Default,2022-08-22,unsecured,1402
274,2,2,Late,2024-11-04,unsecured,13122
275,4,0,Late,2021-03-16,unsecured,12163
276,1,4,Default,2022-12-08,unsecured,48586
277,2,2,Late,2023-07-24,secured,22269
278,1,1,Late,2021-03-01,unsecured,3450
279,1,1,On-Time,2022-10-31,unsecured,31338
280,1,0,On-Time,2025-04-01,secured,22748
281,4,1,Late,2021-12-22,secured,20995
282,3,4,Late,2024-12-11,unsecured,45821
283,4,1,Default,2024-02-16,unsecured,22508
284,2,4,Default,2024-02-13,secured,7655
285,4,0,Late,2024-07-12,secured,34449
286,3,0,Late,2020-08-10,secured,36960
287,2,3,On-Time,2021-03-05,unsecured,21264
288,1,1,Default,2020-07-26,unsecured,23090
289,2,2,On-Time,2024-07-29,secured,11690
290,4,2,On-Time,2024-03-01,unsecured,1428
291,0,3,On-Time,2023-11-15,unsecured,18861
292,0,1,On-Time,2025-02-27,unsecured,45652
293,1,1,On-Time,2021-03-15,secured,12742
294,0,4,Default,2022-06-12,secured,29212
295,0,2,Late,2021-11-20,unsecured,44774
296,1,0,On-Time,2025-04-01,secured,37196
297,0,2,Late,2021-12-26,unsecured,17224
298,0,2,Late,2023-03-26,unsecured,8139
299,3,2,On-Time,2022-12-05,secured,41073
300,1,1,Default,2022-01-01,unsecured,10831
301,4,0,Default,2021-01-23,secured,15054
302,4,3,Late,2025-02-14,secured,13479
303,4,0,On-Time,2021-01-29,unsecured,27742
304,0,4,On-Time,2023-02-16,unsecured,47762
305,3,2,Late,2024-04-22,secured,5776
306,2,3,Default,2025-02-20,secured,23024
307,1,3,On-Time,2025-01-27,unsecured,33284
308,2,1,On-Time,2021-01-31,unsecured,17756
309,2,1,Late,2023-11-29,secured,5000
310,4,4,On-Time,2020-11-30,secured,15432
311,3,1,Default,2023-11-16,secured,43589
312,3,1,Default,2024-01-21,secured,20019
313,2,2,On-Time,2025-05-26,secured,6436
314,4,1,Late,2022-05-30,unsecured,29124
315,1,4,Default,2023-03-08,unsecured,25933
316,0,0,On-Time,2022-10-19,unsecured,12657
317,4,3,On-Time,2020-06-14,secured,29803
318,3,1,Late,2020-03-06,unsecured,4465
319,4,0,Default,2021-04-25,secured,10951
320,2,4,Default,2022-04-25,unsecured,45164
321,0,4,On-Time,2024-03-23,unsecured,45947
322,0,1,Default,2023-01-06,unsecured,13456
323,1,4,Default,2024-09-18,unsecured,33943
324,3,2,Default,2022-07-14,unsecured,3113
325,0,2,Default,2021-07-03,secured,18053
326,4,3,On-Time,2024-07-27,unsecured,17715
327,3,0,Default,2021-12-23,secured,5158
328,2,3,Late,2021-05-11,unsecured,38787
329,4,3,Default,2020-11-19,secured,47469
330,0,4,Late,2022-01-13,secured,45764
331,3,2,Default,2022-10-06,secured,6954
332,0,4,On-Time,2022-01-25,unsecured,30731
333,4,0,Default,2023-03-06,unsecured,38467
334,4,1,Late,2021-07-17,secured,13005
335,4,2,Default,2023-08-09,secured,20612
336,4,2,On-Time,2024-07-25,secured,24443
337,3,4,Default,2022-07-13,secured,39850
338,1,3,Late,2022-04-06,unsecured,18673
339,1,4,Late,2022-11-03,secured,32331
340,0,0,On-Time,2022-11-30,secured,39059
341,2,4,Late,2022-10-04,secured,14687
342,0,0,Default,2020-06-03,unsecured,47978
343,1,2,Default,2020-05-28,unsecured,39248
344,2,1,On-Time,2020-09-11,secured,14662
345,0,1,Late,2020-12-11,secured,17817
346,1,0,Late,2022-04-28,unsecured,2282
347,3,2,On-Time,2023-02-23,unsecured,17181
348,4,3,On-Time,2021-05-29,unsecured,30366
349,0,4,Late,2022-05-02,secured,23516
350,4,2,On-Time,2024-10-08,secured,2699
351,4,2,Default,2024-05-07,secured,12447
352,1,0,On-Time,2020-04-16,secured,46602
353,1,0,On-Time,2020-05-19,secured,6941
354,4,0,Default,2021-03-18,secured,9933
355,2,0,Late,2023-02-19,secured,42412
356,3,3,Late,2021-06-30,unsecured,2541
357,1,4,On-Time,2022-02-09,secured,39202
358,1,4,On-Time,2021-07-26,secured,21162
359,0,4,On-Time,2024-05-05,secured,6369
360,0,0,Default,2023-01-16,secured,15910
361,2,1,On-Time,2024-10-11,secured,7550
362,3,1,On-Time,2021-07-29,unsecured,14538
363,4,4,On-Time,2020-01-20,unsecured,24316
364,1,4,Default,2022-01-01,unsecured,38475
365,0,3,On-Time,2023-12-26,secured,29967
366,1,4,Late,2023-02-05,secured,2214
367,2,0,On-Time,2022-12-11,secured,40123
368,2,0,Late,2022-12-24,unsecured,37453
369,2,1,Default,2023-03-12,secured,1207
370,4,3,Late,2024-05-21,secured,6225
371,0,3,On-Time,2022-08-22,unsecured,2021
372,3,0,Late,2022-07-05,secured,7976
373,0,1,Late,2021-06-23,secured,4691
374,1,4,On-Time,2024-10-06,unsecured,34788
375,1,2,Late,2025-01-07,secured,35248
376,4,1,Late,2023-03-14,unsecured,41954
377,0,2,Late,2022-10-07,unsecured,34570
378,3,1,Default,2021-07-14,secured,44889
379,4,2,Late,2022-11-24,unsecured,44460
380,3,4,Late,2023-01-04,secured,49866
381,4,2,Default,2023-12-21,secured,35689
382,4,1,On-Time,2023-12-05,secured,188
383,1,1,On-Time,2021-09-28,secured,27399
384,3,3,On-Time,2024-07-17,secured,31105
385,3,2,Default,2023-10-17,secured,37973
386,0,1,On-Time,2022-03-13,secured,9370
387,2,0,Default,2021-04-16,secured,37410
388,2,4,Default,2024-07-21,secured,13327
389,3,3,Default,2020-07-04,secured,10748
390,3,3,On-Time,2025-05-24,unsecured,2895
391,1,2,On-Time,2022-11-23,unsecured,48026
392,3,0,Late,2021-11-06,unsecured,16743
393,0,0,On-Time,2022-01-23,secured,33983
394,4,1,On-Time,2024-08-14,secured,13416
395,1,3,On-Time,2022-12-12,unsecured,28443
396,3,4,On-Time,2021-01-28,unsecured,9022
397,3,1,Default,2023-03-12,unsecured,21177
398,1,3,Default,2024-07-03,unsecured,28831
399,3,0,Late,2024-10-18,secured,22710
400,4,4,Default,2021-02-26,secured,3332
401,2,1,On-Time,2020-11-24,unsecured,25012
402,0,3,Late,2024-01-26,secured,38749
403,1,0,Default,2022-07-04,secured,2738
404,0,0,Late,2024-03-18,secured,13834
405,0,0,Default,2023-03-13,unsecured,28203
406,1,3,Default,2023-05-16,unsecured,14001
407,2,4,Late,2024-11-17,unsecured,48829
408,2,2,Default,2023-09-30,unsecured,37919
409,1,2,Late,2022-01-11,unsecured,38783
410,0,4,Default,2025-04-06,secured,30032
411,3,3,Late,2024-11-11,secured,48776
412,0,4,On-Time,2020-01-30,secured,36414
413,1,1,On-Time,2022-11-15,secured,48174
414,3,2,Default,2020-01-07,secured,19609
415,2,2,On-Time,2021-05-26,unsecured,44002
416,2,4,On-Time,2023-04-09,unsecured,48732
417,4,4,On-Time,2025-04-04,unsecured,34052
418,2,0,Late,2020-08-25,unsecured,47026
419,1,4,On-Time,2023-05-17,secured,25007
420,1,0,On-Time,2024-02-27,secured,766
421,0,0,Late,2020-06-21,unsecured,13535
422,3,4,Default,2025-04-04,secured,48852
423,3,4,Late,2021-08-05,unsecured,21356
424,3,4,Default,2023-02-02,unsecured,23557
425,4,4,On-Time,2025-05-12,unsecured,35654
426,0,1,Default,2022-12-21,secured,41339
427,4,1,Default,2024-07-01,secured,27271
428,3,2,Default,2024-11-05,unsecured,26515
429,4,0,On-Time,2021-07-12,secured,21493
430,1,3,On-Time,2023-07-20,unsecured,38182
431,1,2,On-Time,2024-07-17,unsecured,42284
432,0,0,On-Time,2024-12-20,unsecured,36658
433,2,0,On-Time,2023-11-05,secured,29341
434,3,0,Late,2020-04-04,unsecured,26357
435,0,3,Default,2020-02-15,unsecured,25736
436,3,3,Late,2022-07-12,unsecured,1259
437,4,1,Late,2023-07-22,secured,23709
438,3,1,On-Time,2023-08-26,unsecured,13306
439,2,3,Late,2023-08-21,secured,12269
440,0,3,Late,2024-09-15,unsecured,26057
441,2,1,On-Time,2023-09-17,secured,43358
442,3,3,Late,2023-10-20,unsecured,550
443,4,1,Late,2020-02-05,secured,12929
444,1,2,Late,2020-08-22,secured,14176
445,4,4,On-Time,2025-02-27,secured,42720
446,3,3,Late,2023-07-06,unsecured,31010
447,1,3,Late,2024-02-22,secured,14784
448,2,2,Default,2023-08-08,unsecured,1400
449,3,4,On-Time,2023-09-21,unsecured,44746
450,0,3,On-Time,2023-09-16,secured,17402
451,2,3,Late,2020-02-29,unsecured,25992
452,4,3,On-Time,2021-04-08,unsecured,26869
453,3,0,Default,2021-02-27,unsecured,23047
454,0,3,Default,2023-03-24,unsecured,13171
455,4,2,Default,2022-01-14,secured,46417
456,4,3,On-Time,2025-01-22,secured,9868
457,0,4,Default,2022-08-27,unsecured,748
458,4,4,On-Time,2020-09-27,secured,34342
459,3,0,Default,2020-02-10,secured,4114
460,0,3,Default,2023-08-04,secured,16132
461,1,2,Late,2024-03-09,secured,8925
462,1,4,Late,2022-06-19,secured,14481
463,1,0,Default,2022-07-22,unsecured,44445
464,4,0,Default,2023-10-20,unsecured,98
465,2,2,Default,2023-03-03,unsecured,7727
466,4,3,Default,2023-02-19,secured,28555
467,1,0,Default,2021-05-13,unsecured,40053
468,0,4,Default,2024-04-11,unsecured,47727
469,3,4,Default,2022-04-06,unsecured,38207
470,1,3,Late,2020-01-12,secured,11342
471,3,1,On-Time,2022-01-10,secured,7052
472,3,4,Late,2021-02-26,secured,19378
473,4,3,On-Time,2024-05-14,unsecured,31216
474,4,2,Late,2020-09-27,secured,24582
475,4,4,Default,2024-08-20,secured,11558
476,1,4,Default,2025-02-17,unsecured,10471
477,3,2,Late,2023-07-25,unsecured,12700
478,4,2,Late,2020-10-21,secured,5698
479,0,4,On-Time,2022-05-16,unsecured,46480
480,4,2,Default,2021-11-14,secured,12532
481,0,1,Late,2021-08-03,secured,42519
482,4,1,Late,2020-06-20,secured,44163
483,0,3,On-Time,2020-10-29,secured,39324
484,2,0,On-Time,2024-09-08,unsecured,20641
485,2,1,Default,2024-06-06,unsecured,47402
486,1,0,On-Time,2025-04-24,secured,81
487,4,4,On-Time,2022-12-12,secured,12614
488,0,0,On-Time,2023-09-12,secured,7444
489,2,0,Late,2020-12-19,secured,3253
490,0,4,Default,2020-09-04,unsecured,2709
491,3,1,Default,2025-02-21,unsecured,46419
492,1,1,On-Time,2023-02-24,unsecured,25044
493,1,0,Late,2024-03-20,secured,31642
494,3,3,On-Time,2021-02-01,unsecured,44871
495,4,3,Late,2020-08-06,unsecured,19183
496,2,0,Default,2024-07-11,secured,33983
497,1,4,Default,2021-03-19,unsecured,38432
498,2,4,Late,2023-01-17,unsecured,16111
499,1,3,Default,2023-12-30,unsecured,21709
500,4,2,Late,2025-04-26,secured,42154
501,3,4,On-Time,2020-07-08,unsecured,32879
502,2,1,Late,2020-12-13,unsecured,15202
503,2,1,Late,2020-10-02,secured,14319
504,2,3,On-Time,2023-06-01,unsecured,23700
505,1,1,Default,2020-07-11,secured,34913
506,3,3,On-Time,2022-04-30,secured,3058
507,2,3,On-Time,2023-05-29,unsecured,38337
508,2,0,On-Time,2021-11-10,unsecured,30641
509,0,3,Late,2024-05-11,unsecured,46222
510,0,4,Late,2024-03-05,secured,16051
511,4,3,On-Time,2020-05-02,unsecured,22215
512,1,1,Late,2025-03-24,unsecured,24090
513,4,0,Default,2021-12-11,secured,23473
514,4,3,On-Time,2020-09-26,unsecured,27924
515,2,1,Default,2022-07-28,unsecured,14352
516,2,1,Late,2023-09-29,secured,35745
517,4,0,Default,2020-08-08,unsecured,15457
518,3,3,Late,2023-07-08,secured,5377
519,0,2,Late,2022-08-31,unsecured,43496
520,0,3,On-Time,2022-05-08,unsecured,32049
521,2,1,On-Time,2022-06-25,secured,23018
522,4,4,Late,2025-04-12,secured,36183
523,1,3,On-Time,2021-04-17,unsecured,24987
524,0,3,Default,2023-10-26,secured,37601
525,1,1,Default,2021-06-18,secured,9162
526,3,1,On-Time,2022-08-30,unsecured,35566
527,1,3,On-Time,2024-09-28,secured,12616
528,1,1,On-Time,2021-03-11,unsecured,22964
529,2,2,Default,2024-04-13,unsecured,7705
530,4,4,Default,2020-05-02,secured,77
531,0,4,Late,2023-08-06,unsecured,48633
532,3,2,Late,2020-08-21,secured,35234
533,0,4,On-Time,2020-04-18,unsecured,49800
534,2,2,Default,2024-09-27,secured,107
535,0,4,Late,2021-04-03,secured,16582
536,3,2,Default,2020-09-07,unsecured,38212
537,3,4,Default,2022-03-27,secured,21731
538,2,3,Late,2022-02-06,secured,8985
539,2,1,Default,2023-02-26,unsecured,46686
540,0,1,On-Time,2023-04-23,unsecured,38188
541,3,0,Late,2023-06-16,unsecured,16487
542,1,4,Default,2024-06-13,secured,33755
543,0,2,Late,2021-10-12,secured,30459
544,0,4,Late,2023-08-05,secured,17742
545,2,3,On-Time,2024-07-25,unsecured,33942
546,2,2,On-Time,2020-12-26,unsecured,3569
547,4,3,On-Time,2024-10-08,unsecured,34088
548,4,3,Late,2024-09-23,secured,24213
549,1,4,On-Time,2021-11-30,secured,575
550,1,4,Default,2022-11-05,secured,29089
551,4,1,Late,2024-06-18,secured,40940
552,3,4,Late,2022-09-21,secured,17499
553,1,4,Default,2021-01-25,secured,15667
554,1,4,On-Time,2022-01-02,unsecured,21350
555,3,2,Late,2024-03-01,secured,5251
556,0,4,Late,2021-12-11,secured,44149
557,3,3,Late,2025-03-27,secured,23424
558,4,1,On-Time,2022-10-01,unsecured,25390
559,3,4,Late,2024-04-02,unsecured,44626
560,1,2,Late,2024-01-16,secured,1405
561,0,3,On-Time,2022-05-03,unsecured,409
562,3,0,Default,2022-06-09,secured,14752
563,2,0,Default,2023-08-09,secured,25859
564,2,3,On-Time,2023-06-04,secured,25340
565,0,1,Default,2021-07-17,secured,8141
566,4,4,On-Time,2021-09-27,secured,31857
567,2,1,Late,2021-01-31,unsecured,39436
568,0,2,On-Time,2022-09-07,secured,47887
569,4,0,On-Time,2020-10-16,secured,29881
570,0,1,Late,2022-06-29,unsecured,5779
571,3,2,Default,2020-12-25,unsecured,2624
572,1,3,On-Time,2025-01-14,unsecured,20127
573,4,4,Default,2022-08-15,unsecured,34828
574,1,4,Late,2023-02-14,unsecured,31842
575,4,2,Default,2025-05-18,secured,24443
576,2,3,Default,2021-06-17,secured,1613
577,0,3,Late,2024-09-03,secured,6556
578,2,4,Default,2020-09-05,secured,35187
579,0,3,Default,2022-12-29,secured,45995
580,1,0,Default,2025-01-15,unsecured,20873
581,4,2,On-Time,2021-07-22,secured,34909
582,2,4,Default,2025-03-15,unsecured,43057
583,4,1,Late,2025-04-26,secured,15978
584,1,0,Late,2023-01-31,unsecured,13686
585,3,0,Default,2023-10-31,secured,43264
586,1,2,On-Time,2022-06-29,unsecured,38987
587,0,0,On-Time,2023-02-09,unsecured,25286
588,1,4,On-Time,2023-02-08,unsecured,27530
589,2,2,Default,2025-05-20,secured,10609
590,0,3,On-Time,2025-01-29,unsecured,37773
591,2,3,Default,2021-08-23,secured,33231
592,3,3,Default,2022-09-09,secured,39330
593,0,1,Default,2024-04-23,secured,18790
594,3,4,Late,2020-02-09,unsecured,38801
595,4,0,Late,2023-06-21,unsecured,42222
596,0,3,Late,2022-12-19,unsecured,44193
597,0,1,Default,2021-10-17,secured,37853
598,2,3,Late,2021-04-09,unsecured,48189
599,0,0,Late,2021-12-06,unsecured,3262
600,4,1,On-Time,2022-08-26,unsecured,1715
601,2,2,Default,2025-02-18,secured,32573
602,3,4,Default,2022-04-18,unsecured,40621
603,4,3,Late,2022-05-26,secured,21775
604,2,2,Default,2020-11-23,secured,26191
605,4,2,Late,2021-08-01,unsecured,30715
606,1,0,Late,2024-11-25,unsecured,26987
607,0,0,On-Time,2022-05-11,unsecured,25357
608,0,3,Late,2024-04-08,unsecured,21103
609,1,0,Default,2023-06-22,unsecured,17564
610,2,3,Default,2021-08-09,unsecured,1575
611,2,4,On-Time,2020-03-20,unsecured,43332
612,3,0,On-Time,2025-04-14,unsecured,41568
613,0,4,Late,2024-03-04,unsecured,42889
614,3,3,On-Time,2024-02-15,unsecured,16815
615,1,3,Default,2023-11-10,unsecured,33460
616,1,3,On-Time,2024-09-17,secured,29663
617,4,3,On-Time,2023-04-25,secured,16878
618,1,4,Late,2024-05-16,unsecured,22761
619,3,0,Default,2022-10-31,unsecured,24532
620,0,1,Default,2020-12-12,unsecured,6072
621,4,2,Late,2020-11-30,unsecured,29653
622,2,4,Late,2025-05-25,unsecured,17381
623,4,0,Default,2023-10-08,unsecured,30254
624,4,4,Late,2021-02-26,secured,41160
625,4,4,Default,2021-03-11,secured,4469
626,2,0,On-Time,2024-08-27,secured,5037
627,2,0,On-Time,2020-10-05,unsecured,19269
628,3,4,Late,2021-01-18,secured,42552
629,0,3,Default,2025-02-28,unsecured,45250
630,2,0,Late,2024-07-11,unsecured,37797
631,2,0,On-Time,2021-06-12,secured,29352
632,3,0,Late,2021-11-30,secured,20933
633,1,1,On-Time,2020-07-27,secured,22280
634,1,0,Late,2024-12-19,secured,11146
635,4,4,Default,2021-06-18,secured,40704
636,3,0,Late,2020-02-01,unsecured,27671
637,0,2,On-Time,2024-04-27,unsecured,9006
638,2,3,Default,2025-01-27,secured,38228
639,2,3,Default,2021-05-29,secured,23322
640,1,2,Default,2021-04-27,secured,14108
641,4,2,Late,2023-07-04,secured,40129
642,1,0,Late,2023-06-14,unsecured,17336
643,1,2,Late,2021-03-24,secured,28120
644,0,4,Late,2024-07-24,unsecured,43396
645,1,2,Default,2021-04-16,secured,9283
646,4,0,Late,2023-03-06,unsecured,18217
647,0,4,Default,2022-10-03,secured,36121
648,0,2,On-Time,2020-06-29,unsecured,19768
649,3,3,Default,2020-07-01,secured,37503
650,3,4,Late,2020-05-07,secured,9471
651,4,0,Late,2025-02-12,unsecured,44764
652,3,3,Default,2021-10-18,unsecured,17461
653,3,4,Default,2023-02-14,secured,38518
654,2,1,Default,2021-08-03,secured,28924
655,2,2,On-Time,2022-03-08,unsecured,13544
656,2,0,Late,2024-09-25,unsecured,29936
657,2,4,On-Time,2020-09-17,secured,2917
658,4,2,Default,2021-04-21,secured,34607
659,0,1,On-Time,2022-05-12,unsecured,33722
660,1,3,Default,2024-06-17,secured,8008
661,4,4,Default,2025-04-29,unsecured,15710
662,2,2,Late,2023-11-12,unsecured,12000
663,3,0,Late,2024-04-15,unsecured,36487
664,3,0,On-Time,2023-10-28,unsecured,16459
665,2,1,On-Time,2020-01-26,secured,31111
666,2,0,Default,2021-06-04,unsecured,34675
667,2,4,Default,2021-02-05,unsecured,46611
668,0,0,Late,2020-01-16,secured,44746
669,1,3,Late,2021-02-03,unsecured,4799
670,3,2,On-Time,2024-08-01,unsecured,28726
671,3,2,On-Time,2025-04-27,secured,32247
672,4,1,Default,2021-02-06,secured,44887
673,2,2,Late,2024-02-14,secured,29864
674,4,3,On-Time,2021-05-24,unsecured,19853
675,4,4,On-Time,2021-04-12,secured,14225
676,1,0,Late,2020-08-16,secured,11913
677,1,0,Default,2022-08-30,unsecured,22017
678,1,3,Late,2024-08-06,secured,18043
679,1,2,Late,2023-03-18,unsecured,14753
680,3,3,Default,2020-04-25,unsecured,8331
681,1,1,On-Time,2022-09-01,unsecured,11596
682,3,1,Default,2022-12-08,secured,7043
683,4,0,Default,2021-05-08,secured,46173
684,3,0,On-Time,2020-02-13,secured,40719
685,0,3,Late,2023-02-22,unsecured,30598
686,0,2,Late,2021-11-07,secured,41216
687,1,2,On-Time,2021-03-19,unsecured,13401
688,1,2,Late,2021-02-10,unsecured,21867
689,0,3,Late,2022-12-21,secured,8803
690,0,4,On-Time,2020-10-28,unsecured,34078
691,1,2,Late,2023-09-13,secured,43784
692,1,0,Late,2023-10-27,unsecured,21699
693,1,1,Late,2023-01-24,unsecured,15942
694,0,4,Default,2023-12-04,secured,5094
695,1,1,On-Time,2020-12-21,unsecured,20502
696,0,1,Default,2021-05-31,unsecured,37353
697,0,1,Late,2020-03-12,unsecured,49565
698,2,3,Late,2021-08-18,unsecured,47584
699,0,3,On-Time,2024-07-30,unsecured,7170
700,3,2,Default,2025-02-26,secured,5130
701,2,3,Default,2020-04-04,unsecured,10846
702,4,1,Default,2022-09-05,secured,3938
703,2,2,Default,2021-05-24,secured,2239
704,4,4,Late,2020-06-25,unsecured,27474
705,1,1,On-Time,2024-08-26,unsecured,47750
706,2,3,Late,2021-08-17,unsecured,30619
707,2,1,Default,2020-08-17,secured,2887
708,0,3,On-Time,2021-10-30,secured,34793
709,3,3,Late,2021-12-22,unsecured,18324
710,2,3,Default,2025-01-03,unsecured,44732
711,1,0,Late,2025-02-05,unsecured,36815
712,3,1,Late,2022-11-11,secured,47679
713,1,4,Default,2021-06-27,unsecured,35890
714,0,3,Default,2023-04-20,secured,48642
715,2,0,Late,2021-07-25,unsecured,34390
716,0,1,Late,2024-02-09,secured,28777
717,1,3,Default,2023-04-02,secured,6885
718,0,3,Default,2023-07-18,unsecured,17507
719,1,2,Late,2020-08-01,secured,17152
720,1,0,On-Time,2020-06-18,secured,3088
721,4,2,On-Time,2024-02-20,secured,2748
722,3,4,On-Time,2024-08-21,unsecured,15756
723,1,2,Default,2021-07-15,unsecured,15327
724,2,0,On-Time,2020-12-11,secured,7263
725,3,1,On-Time,2022-10-27,unsecured,36047
726,0,0,Default,2022-04-07,unsecured,6225
727,1,1,Default,2024-05-18,unsecured,20357
728,2,1,On-Time,2023-05-10,secured,17410
729,1,3,Default,2020-11-21,unsecured,8250
730,0,4,On-Time,2023-09-29,unsecured,3802
731,3,2,Default,2021-08-11,secured,49454
732,1,0,Default,2021-08-15,unsecured,8640
733,2,2,Late,2023-02-09,secured,42498
734,0,1,Default,2024-01-11,secured,48540
735,1,1,Default,2023-10-05,unsecured,6961
736,1,2,On-Time,2024-10-07,unsecured,4500
737,2,1,On-Time,2020-11-07,secured,47458
738,2,1,Late,2022-06-30,unsecured,36345
739,3,4,Default,2020-02-03,unsecured,11123
740,2,4,Late,2023-12-03,unsecured,40053
741,3,0,On-Time,2024-02-17,unsecured,33587
742,3,3,Default,2024-08-08,unsecured,1243
743,1,3,On-Time,2021-07-22,unsecured,23911
744,3,4,Late,2021-12-10,secured,38150
745,2,4,On-Time,2025-01-10,secured,28550
746,3,0,Default,2020-12-25,unsecured,15808
747,2,3,Late,2020-05-14,secured,16406
748,2,0,Default,2022-07-22,secured,29867
749,3,2,Default,2020-11-08,secured,27109
750,3,4,Default,2023-09-07,unsecured,22816
751,3,2,Default,2023-02-14,unsecured,43248
752,2,4,Late,2020-09-22,unsecured,6796
753,0,0,On-Time,2022-08-04,secured,34917
754,3,1,Default,2021-01-10,secured,31102
755,1,1,Late,2024-02-03,secured,9056
756,2,1,Late,2022-09-10,unsecured,37915
757,1,3,Late,2024-12-12,secured,22092
758,4,4,On-Time,2022-08-25,unsecured,43115
759,2,2,Late,2025-03-12,unsecured,25170
760,4,4,On-Time,2021-02-04,secured,28259
761,0,3,On-Time,2023-01-15,secured,29073
762,0,0,Default,2023-08-07,secured,39192
763,2,3,On-Time,2023-10-23,secured,49483
764,3,2,On-Time,2022-03-11,unsecured,37609
765,1,2,Default,2024-05-23,unsecured,19920
766,4,0,Late,2023-01-04,unsecured,2755
767,3,2,On-Time,2021-04-12,secured,47807
768,3,3,Default,2022-04-06,secured,25240
769,4,0,On-Time,2020-07-29,unsecured,8202
770,4,2,Default,2022-12-02,secured,32096
771,0,2,Default,2023-01-07,secured,6104
772,1,1,On-Time,2021-06-27,secured,17376
773,1,3,Default,2022-06-17,secured,26200
774,1,2,Default,2022-01-16,unsecured,10609
775,3,0,Default,2023-12-27,secured,39916
776,4,4,Default,2024-01-23,secured,38168
777,0,2,Default,2020-03-27,secured,410
778,2,2,Late,2024-02-25,unsecured,10285
779,3,2,On-Time,2022-08-23,unsecured,4795
780,0,2,Late,2021-11-19,secured,12125
781,4,4,On-Time,2023-10-21,unsecured,45559
782,2,1,On-Time,2020-01-11,secured,26280
783,2,4,On-Time,2022-09-09,secured,8245
784,0,3,On-Time,2021-08-09,unsecured,46066
785,3,2,On-Time,2021-05-28,unsecured,3494
786,2,3,Late,2023-01-30,unsecured,11664
787,0,2,Default,2022-07-23,secured,23015
788,1,2,Late,2024-12-30,secured,30121
789,1,1,On-Time,2024-09-22,secured,7862
790,2,4,Default,2022-12-08,unsecured,34312
791,0,1,On-Time,2024-12-19,unsecured,29338
792,3,3,Late,2022-09-25,secured,5120
793,2,0,Late,2022-02-03,unsecured,24735
794,3,1,Late,2025-06-02,secured,48466
795,0,4,Late,2021-02-14,unsecured,15869
796,1,1,On-Time,2023-12-31,unsecured,36007
797,0,3,Late,2024-02-11,unsecured,24324
798,3,3,Default,2020-10-26,unsecured,46013
799,1,4,Default,2024-10-10,secured,25136
800,0,4,On-Time,2023-02-26,unsecured,15577
801,4,3,Default,2023-05-18,secured,16252
802,2,1,Late,2024-11-20,unsecured,46060
803,4,2,Default,2025-01-06,secured,2172
804,0,0,Late,2022-12-06,secured,3289
805,0,4,Default,2020-08-30,unsecured,11151
806,4,0,On-Time,2021-10-13,secured,12284
807,4,3,Default,2022-08-27,secured,2809
808,4,0,On-Time,2023-04-11,secured,43565
809,3,2,Late,2025-04-05,secured,23594
810,3,2,Default,2021-05-14,secured,1822
811,1,4,Late,2020-12-22,unsecured,11710
812,0,3,Default,2021-12-15,secured,31295
813,0,3,Late,2020-02-14,unsecured,4248
814,4,3,Default,2023-03-02,unsecured,10981
815,0,1,On-Time,2021-02-28,unsecured,35441
816,4,4,Late,2024-11-15,secured,43909
817,2,2,Default,2022-06-15,secured,17963
818,4,0,On-Time,2021-04-08,secured,102
819,2,3,Default,2023-12-26,secured,8923
820,1,2,Default,2020-06-19,secured,7943
821,3,4,Late,2022-11-02,secured,39897
822,2,0,On-Time,2020-12-10,secured,11184
823,1,2,Late,2024-10-28,unsecured,16484
824,2,4,Late,2024-04-23,secured,42929
825,0,0,Default,2022-09-29,unsecured,25252
826,2,4,On-Time,2020-06-22,unsecured,4870
827,2,2,Default,2023-09-24,secured,42928
828,4,3,Late,2022-05-18,secured,36507
829,1,3,Late,2021-05-04,unsecured,28032
830,0,3,On-Time,2024-12-24,unsecured,47720
831,1,3,Late,2021-12-30,unsecured,32111
832,0,0,Default,2021-10-09,secured,19846
833,4,4,Late,2024-11-16,unsecured,6884
834,3,1,On-Time,2022-02-11,unsecured,10622
835,0,4,Default,2024-09-07,secured,17967
836,0,2,Late,2021-03-19,unsecured,24949
837,4,0,Default,2020-07-09,unsecured,36560
838,2,3,On-Time,2020-04-21,unsecured,42442
839,1,3,On-Time,2022-10-19,unsecured,24308
840,2,3,On-Time,2022-08-29,unsecured,20336
841,3,1,Late,2022-05-11,secured,8966
842,4,4,On-Time,2022-01-28,unsecured,9873
843,3,2,Late,2022-12-21,secured,43639
844,1,2,Default,2021-09-24,secured,35893
845,3,2,Late,2022-12-23,secured,40737
846,1,4,Late,2024-12-21,unsecured,12856
847,3,2,On-Time,2021-07-16,unsecured,25018
848,1,4,Default,2023-11-04,secured,24831
849,3,0,Late,2022-09-05,secured,32946
850,4,3,Late,2023-02-07,secured,2997
851,0,4,Default,2020-03-16,secured,41211
852,0,4,Late,2024-06-29,secured,42411
853,4,2,Default,2020-04-16,secured,30661
854,1,4,Late,2020-07-02,unsecured,34875
855,0,3,On-Time,2024-11-27,unsecured,9651
856,2,2,Late,2023-09-19,unsecured,13994
857,4,0,Late,2025-06-01,unsecured,24537
858,1,3,On-Time,2023-11-13,unsecured,14546
859,2,1,On-Time,2023-03-04,unsecured,20163
860,4,1,Default,2022-01-30,secured,11824
861,3,0,Default,2020-01-01,secured,49034
862,1,4,Default,2022-03-25,unsecured,1445
863,3,1,Default,2022-03-20,unsecured,48599
864,1,4,Late,2024-04-27,unsecured,30266
865,2,4,Late,2022-04-21,unsecured,35006
866,1,2,Late,2024-01-05,secured,9955
867,3,1,On-Time,2024-11-10,secured,11024
868,2,1,Late,2021-01-29,unsecured,9920
869,1,3,Late,2021-07-24,secured,39800
870,2,4,Default,2023-09-10,unsecured,40091
871,2,0,On-Time,2022-03-18,unsecured,9798
872,2,0,On-Time,2024-02-04,unsecured,14240
873,3,3,On-Time,2021-07-11,secured,7715
874,4,4,Late,2020-05-31,secured,405
875,3,0,On-Time,2022-12-25,secured,34248
876,3,3,On-Time,2023-07-06,unsecured,18678
877,1,3,Late,2021-12-06,secured,28051
878,1,1,Default,2020-07-24,secured,32715
879,3,0,Default,2022-04-27,secured,44929
880,3,2,Default,2022-09-30,unsecured,31754
881,4,0,Default,2021-01-18,unsecured,32649
882,4,4,On-Time,2023-01-15,secured,11297
883,4,0,Default,2021-11-16,secured,36850
884,2,0,Late,2020-12-26,unsecured,31760
885,4,0,Late,2021-12-27,unsecured,31355
886,4,2,Late,2020-07-12,secured,29306
887,1,4,Late,2020-05-28,unsecured,31151
888,3,3,On-Time,2020-03-30,unsecured,37539
889,1,0,Late,2022-02-19,secured,24498
890,2,2,Default,2024-10-16,secured,28075
891,1,4,Default,2024-08-05,secured,15791
892,0,2,Late,2024-03-09,unsecured,23166
893,4,1,Default,2025-04-12,unsecured,21509
894,2,4,Default,2025-02-03,secured,31346
895,0,0,On-Time,2024-11-12,secured,6993
896,4,0,Default,2021-07-03,secured,43048
897,1,1,On-Time,2021-10-13,secured,28093
898,0,4,On-Time,2022-06-24,secured,18699
899,2,4,Default,2023-04-26,secured,4157
900,4,1,Default,2022-05-07,secured,44107
901,0,0,Late,2023-03-24,unsecured,38691
902,4,2,Default,2021-09-13,secured,34437
903,0,2,Default,2022-06-14,secured,2410
904,4,1,Default,2025-05-14,unsecured,30242
905,1,2,On-Time,2022-01-11,secured,47680
906,4,3,Default,2020-11-02,unsecured,19835
907,2,2,On-Time,2021-03-12,secured,14228
908,4,2,Late,2022-01-20,secured,34887
909,3,0,Late,2024-06-03,secured,32486
910,1,3,Late,2021-05-18,secured,40815
911,3,2,On-Time,2025-04-27,secured,21060
912,4,3,On-Time,2020-12-12,unsecured,35919
913,0,4,Late,2025-01-15,secured,48473
914,3,2,On-Time,2021-04-02,unsecured,5418
915,1,1,On-Time,2024-05-05,unsecured,16188
916,0,4,On-Time,2022-09-24,secured,26666
917,0,1,On-Time,2022-07-10,unsecured,43415
918,1,4,On-Time,2022-12-26,unsecured,37232
919,1,3,Late,2020-08-31,unsecured,9709
920,0,1,Default,2025-02-10,secured,17764
921,0,2,On-Time,2021-08-15,unsecured,30347
922,3,2,Late,2024-10-24,secured,3611
923,4,3,Late,2024-03-19,secured,23954
924,2,0,On-Time,2021-03-02,secured,31029
925,3,3,Late,2022-10-28,unsecured,26380
926,4,0,On-Time,2021-11-02,secured,13989
927,1,1,On-Time,2020-01-15,unsecured,31255
928,4,4,On-Time,2022-04-06,secured,10213
929,2,2,Default,2022-01-14,unsecured,30848
930,4,4,Default,2024-01-22,unsecured,41631
931,0,4,On-Time,2021-09-14,secured,3052
932,2,2,Late,2022-04-29,unsecured,49117
933,4,1,Late,2025-05-03,secured,15782
934,0,4,Default,2020-01-28,secured,23712
935,1,2,Late,2020-03-30,unsecured,19055
936,0,0,Default,2020-07-02,unsecured,42084
937,1,2,Late,2021-03-16,unsecured,35762
938,2,1,Late,2023-02-10,unsecured,35085
939,0,2,On-Time,2024-11-11,unsecured,34598
940,2,2,On-Time,2020-09-13,unsecured,25601
941,1,4,Late,2022-07-19,secured,7314
942,0,1,Late,2024-01-08,unsecured,47564
943,4,2,On-Time,2022-08-31,secured,9539
944,0,3,On-Time,2024-04-06,secured,5469
945,3,2,On-Time,2023-11-04,unsecured,39842
946,4,2,Late,2021-03-06,secured,40777
947,2,3,On-Time,2021-07-11,unsecured,13660
948,0,2,Late,2023-03-17,unsecured,20938
949,4,4,Default,2023-10-19,unsecured,23027
950,3,0,On-Time,2020-02-27,unsecured,44119
951,3,0,Default,2022-11-26,unsecured,3014
952,2,2,On-Time,2022-06-18,secured,49992
953,3,2,On-Time,2021-11-10,secured,16072
954,0,3,Default,2023-07-07,unsecured,13231
955,2,3,On-Time,2021-12-25,unsecured,33581
956,3,4,Late,2022-07-24,unsecured,39237
957,1,2,Late,2024-01-03,unsecured,16676
958,1,2,Default,2023-07-10,secured,42016
959,3,4,On-Time,2020-02-21,unsecured,40049
960,0,0,Default,2020-09-02,unsecured,28828
961,2,3,On-Time,2022-01-26,unsecured,42483
962,4,3,Late,2024-04-06,unsecured,41076
963,4,2,Late,2023-09-01,unsecured,43996
964,3,3,Late,2022-12-09,unsecured,14631
965,0,0,Default,2021-05-11,unsecured,22550
966,0,2,On-Time,2021-05-25,secured,24532
967,2,3,Late,2020-08-06,secured,30180
968,0,4,Default,2022-08-22,unsecured,28281
969,0,1,On-Time,2021-02-12,secured,5854
970,1,2,On-Time,2021-09-13,unsecured,49144
971,2,4,On-Time,2021-01-15,secured,38453
972,4,1,Default,2021-01-28,unsecured,28890
973,2,0,Default,2020-02-17,secured,29477
974,2,0,Late,2021-01-12,unsecured,47179
975,3,1,Late,2022-10-01,unsecured,19342
976,4,3,On-Time,2023-04-02,secured,19759
977,0,2,Default,2022-08-19,secured,23743
978,4,0,On-Time,2023-07-07,secured,18349
979,4,3,On-Time,2022-03-15,secured,8696
980,4,2,Default,2020-11-19,secured,49681
981,2,4,Default,2023-11-20,unsecured,30271
982,0,3,Late,2022-01-10,secured,38209
983,4,0,Default,2025-01-30,unsecured,17736
984,3,2,Late,2021-01-21,unsecured,13190
985,4,4,Default,2022-10-19,secured,7345
986,1,4,Default,2023-01-21,secured,15587
987,4,3,Late,2020-08-06,unsecured,742
988,4,3,Late,2021-05-28,unsecured,6772
989,1,2,Default,2024-02-26,secured,14487
990,3,3,On-Time,2025-06-02,unsecured,41891
991,0,3,Default,2021-06-25,secured,9643
992,0,3,Default,2024-07-08,secured,39350
993,1,1,Late,2021-08-06,unsecured,7883
994,3,1,Default,2022-01-15,unsecured,5547
995,2,2,Late,2023-11-03,secured,16477
996,0,0,Default,2020-06-02,secured,2683
997,3,1,Default,2022-12-09,unsecured,19190
998,4,2,On-Time,2020-05-12,unsecured,36880
999,0,0,Default,2023-11-12,unsecured,48619
1000,3,0,Default,2020-11-25,secured,45420
