user_id,home_location,work_location,location_stability
1,Semi-urban,Rural,high
2,Semi-urban,Rural,high
3,Urban,Rural,medium
4,Semi-urban,Urban,low
5,Semi-urban,Urban,low
6,Semi-urban,Semi-urban,low
7,Rural,Rural,low
8,Semi-urban,Semi-urban,high
9,Urban,Semi-urban,high
10,Rural,Rural,high
11,Urban,Urban,high
12,Semi-urban,Semi-urban,high
13,Rural,Urban,low
14,Rural,Rural,high
15,Rural,Semi-urban,high
16,Semi-urban,Urban,medium
17,Urban,Urban,medium
18,Rural,Rural,low
19,Rural,Rural,medium
20,Rural,Urban,medium
21,Rural,Urban,medium
22,Rural,Rural,low
23,Semi-urban,Urban,low
24,Urban,Rural,low
25,Urban,Rural,low
26,Semi-urban,Urban,medium
27,Rural,Semi-urban,low
28,Rural,Rural,high
29,Urban,Rural,medium
30,Urban,Urban,high
31,Urban,Semi-urban,high
32,Semi-urban,Rural,medium
33,Semi-urban,Semi-urban,low
34,Urban,Rural,low
35,Rural,Urban,low
36,Semi-urban,Rural,high
37,Semi-urban,Urban,high
38,Rural,Rural,medium
39,Urban,Semi-urban,medium
40,Rural,Urban,medium
41,Urban,Semi-urban,high
42,Urban,Semi-urban,high
43,Rural,Rural,high
44,Urban,Rural,medium
45,Urban,Urban,low
46,Rural,Urban,high
47,Semi-urban,Semi-urban,high
48,Urban,Rural,low
49,Urban,Semi-urban,low
50,Rural,Rural,medium
51,Rural,Urban,low
52,Semi-urban,Rural,high
53,Urban,Urban,medium
54,Rural,Semi-urban,low
55,Semi-urban,Semi-urban,medium
56,Semi-urban,Semi-urban,low
57,Rural,Semi-urban,low
58,Urban,Urban,high
59,Rural,Rural,low
60,Urban,Semi-urban,high
61,Semi-urban,Rural,low
62,Semi-urban,Semi-urban,low
63,Urban,Semi-urban,medium
64,Rural,Urban,medium
65,Rural,Urban,medium
66,Urban,Rural,low
67,Semi-urban,Rural,low
68,Urban,Semi-urban,high
69,Semi-urban,Semi-urban,high
70,Urban,Urban,medium
71,Urban,Urban,medium
72,Urban,Urban,low
73,Rural,Urban,high
74,Urban,Urban,low
75,Rural,Semi-urban,medium
76,Urban,Semi-urban,medium
77,Urban,Semi-urban,medium
78,Rural,Rural,medium
79,Rural,Rural,medium
80,Rural,Rural,low
81,Rural,Semi-urban,high
82,Semi-urban,Rural,high
83,Rural,Rural,low
84,Urban,Rural,low
85,Semi-urban,Rural,medium
86,Urban,Semi-urban,low
87,Rural,Semi-urban,low
88,Semi-urban,Semi-urban,medium
89,Urban,Urban,low
90,Rural,Rural,low
91,Urban,Semi-urban,low
92,Semi-urban,Semi-urban,medium
93,Urban,Rural,low
94,Urban,Semi-urban,low
95,Urban,Semi-urban,high
96,Rural,Urban,low
97,Semi-urban,Rural,high
98,Rural,Urban,medium
99,Rural,Urban,low
100,Semi-urban,Urban,low
101,Semi-urban,Urban,low
102,Rural,Semi-urban,high
103,Semi-urban,Rural,low
104,Semi-urban,Urban,high
105,Semi-urban,Semi-urban,medium
106,Rural,Rural,medium
107,Rural,Semi-urban,high
108,Semi-urban,Semi-urban,medium
109,Urban,Rural,high
110,Urban,Rural,low
111,Rural,Urban,medium
112,Rural,Urban,low
113,Rural,Rural,low
114,Semi-urban,Semi-urban,high
115,Urban,Rural,low
116,Urban,Urban,low
117,Semi-urban,Semi-urban,low
118,Urban,Rural,high
119,Urban,Rural,high
120,Urban,Semi-urban,low
121,Semi-urban,Urban,medium
122,Semi-urban,Rural,medium
123,Semi-urban,Urban,high
124,Semi-urban,Rural,medium
125,Urban,Semi-urban,low
126,Urban,Semi-urban,high
127,Urban,Urban,low
128,Semi-urban,Rural,high
129,Urban,Urban,medium
130,Urban,Semi-urban,low
131,Urban,Semi-urban,low
132,Rural,Rural,low
133,Urban,Semi-urban,low
134,Semi-urban,Semi-urban,low
135,Rural,Rural,low
136,Urban,Rural,low
137,Urban,Semi-urban,high
138,Rural,Urban,high
139,Semi-urban,Semi-urban,low
140,Rural,Semi-urban,high
141,Semi-urban,Semi-urban,medium
142,Rural,Urban,medium
143,Semi-urban,Semi-urban,high
144,Semi-urban,Urban,high
145,Urban,Semi-urban,low
146,Semi-urban,Urban,high
147,Urban,Urban,medium
148,Semi-urban,Urban,medium
149,Semi-urban,Rural,low
150,Rural,Urban,medium
151,Semi-urban,Semi-urban,low
152,Rural,Semi-urban,high
153,Rural,Rural,high
154,Rural,Urban,medium
155,Rural,Semi-urban,medium
156,Rural,Rural,high
157,Semi-urban,Rural,high
158,Semi-urban,Semi-urban,medium
159,Rural,Semi-urban,medium
160,Urban,Semi-urban,medium
161,Rural,Urban,high
162,Semi-urban,Rural,low
163,Rural,Urban,high
164,Semi-urban,Rural,low
165,Rural,Semi-urban,low
166,Rural,Urban,medium
167,Rural,Rural,low
168,Rural,Semi-urban,high
169,Rural,Urban,low
170,Rural,Urban,medium
171,Semi-urban,Rural,high
172,Rural,Rural,low
173,Urban,Rural,low
174,Urban,Urban,low
175,Semi-urban,Rural,medium
176,Rural,Rural,low
177,Urban,Urban,low
178,Rural,Urban,medium
179,Urban,Semi-urban,medium
180,Semi-urban,Semi-urban,low
181,Semi-urban,Rural,low
182,Semi-urban,Rural,high
183,Rural,Semi-urban,high
184,Rural,Urban,high
185,Rural,Urban,high
186,Rural,Rural,medium
187,Rural,Rural,low
188,Semi-urban,Urban,high
189,Urban,Semi-urban,low
190,Rural,Urban,high
191,Urban,Rural,low
192,Semi-urban,Urban,high
193,Rural,Semi-urban,high
194,Semi-urban,Urban,low
195,Urban,Semi-urban,low
196,Urban,Urban,high
197,Semi-urban,Urban,low
198,Semi-urban,Urban,medium
199,Semi-urban,Rural,high
200,Urban,Rural,low
201,Rural,Semi-urban,medium
202,Urban,Rural,high
203,Urban,Semi-urban,low
204,Rural,Urban,low
205,Urban,Urban,high
206,Semi-urban,Rural,low
207,Rural,Rural,medium
208,Rural,Semi-urban,low
209,Urban,Semi-urban,high
210,Urban,Semi-urban,high
211,Rural,Rural,low
212,Semi-urban,Rural,medium
213,Rural,Urban,low
214,Rural,Semi-urban,high
215,Semi-urban,Rural,low
216,Rural,Urban,high
217,Semi-urban,Rural,high
218,Rural,Urban,high
219,Semi-urban,Urban,medium
220,Rural,Rural,high
221,Rural,Rural,low
222,Urban,Semi-urban,medium
223,Urban,Rural,medium
224,Semi-urban,Rural,medium
225,Urban,Urban,low
226,Rural,Rural,medium
227,Urban,Rural,high
228,Urban,Urban,high
229,Urban,Urban,low
230,Urban,Rural,low
231,Semi-urban,Rural,high
232,Rural,Rural,high
233,Urban,Rural,medium
234,Semi-urban,Rural,low
235,Rural,Urban,low
236,Semi-urban,Urban,medium
237,Semi-urban,Semi-urban,medium
238,Urban,Rural,low
239,Urban,Semi-urban,low
240,Semi-urban,Rural,medium
241,Semi-urban,Rural,low
242,Semi-urban,Rural,high
243,Urban,Semi-urban,low
244,Urban,Rural,high
245,Urban,Semi-urban,high
246,Semi-urban,Rural,high
247,Semi-urban,Rural,high
248,Rural,Semi-urban,medium
249,Urban,Semi-urban,low
250,Urban,Rural,low
251,Rural,Urban,low
252,Urban,Semi-urban,medium
253,Semi-urban,Urban,low
254,Urban,Semi-urban,medium
255,Rural,Rural,high
256,Rural,Semi-urban,medium
257,Urban,Rural,high
258,Semi-urban,Urban,medium
259,Semi-urban,Rural,medium
260,Semi-urban,Urban,low
261,Urban,Urban,high
262,Semi-urban,Rural,high
263,Urban,Semi-urban,high
264,Rural,Semi-urban,high
265,Rural,Rural,medium
266,Urban,Rural,low
267,Semi-urban,Urban,low
268,Semi-urban,Semi-urban,high
269,Semi-urban,Urban,medium
270,Semi-urban,Rural,high
271,Rural,Urban,medium
272,Rural,Urban,high
273,Semi-urban,Rural,high
274,Semi-urban,Urban,medium
275,Semi-urban,Rural,high
276,Rural,Semi-urban,medium
277,Urban,Rural,high
278,Rural,Urban,low
279,Semi-urban,Semi-urban,low
280,Urban,Rural,medium
281,Urban,Rural,high
282,Urban,Rural,medium
283,Urban,Semi-urban,high
284,Urban,Urban,high
285,Rural,Urban,high
286,Urban,Semi-urban,high
287,Semi-urban,Rural,low
288,Semi-urban,Urban,low
289,Semi-urban,Rural,high
290,Urban,Semi-urban,low
291,Urban,Urban,high
292,Urban,Semi-urban,low
293,Semi-urban,Semi-urban,high
294,Semi-urban,Urban,low
295,Rural,Semi-urban,medium
296,Semi-urban,Semi-urban,low
297,Semi-urban,Urban,medium
298,Rural,Rural,medium
299,Rural,Semi-urban,low
300,Urban,Urban,medium
301,Urban,Rural,medium
302,Urban,Semi-urban,low
303,Rural,Urban,low
304,Semi-urban,Semi-urban,high
305,Rural,Urban,medium
306,Semi-urban,Semi-urban,medium
307,Semi-urban,Urban,low
308,Semi-urban,Rural,medium
309,Rural,Rural,low
310,Semi-urban,Rural,low
311,Urban,Urban,medium
312,Urban,Urban,high
313,Semi-urban,Semi-urban,high
314,Urban,Rural,low
315,Rural,Rural,medium
316,Urban,Urban,medium
317,Rural,Semi-urban,medium
318,Semi-urban,Rural,medium
319,Semi-urban,Rural,medium
320,Urban,Semi-urban,low
321,Rural,Semi-urban,low
322,Semi-urban,Rural,high
323,Rural,Semi-urban,high
324,Semi-urban,Semi-urban,low
325,Rural,Rural,medium
326,Rural,Semi-urban,medium
327,Urban,Urban,low
328,Urban,Urban,low
329,Semi-urban,Rural,high
330,Urban,Rural,high
331,Semi-urban,Semi-urban,high
332,Urban,Semi-urban,low
333,Urban,Urban,medium
334,Semi-urban,Rural,low
335,Rural,Rural,high
336,Rural,Rural,medium
337,Urban,Semi-urban,high
338,Rural,Urban,low
339,Rural,Rural,high
340,Semi-urban,Urban,medium
341,Rural,Semi-urban,medium
342,Rural,Rural,low
343,Urban,Semi-urban,medium
344,Urban,Rural,low
345,Urban,Rural,low
346,Semi-urban,Rural,high
347,Semi-urban,Urban,high
348,Semi-urban,Semi-urban,medium
349,Rural,Semi-urban,medium
350,Semi-urban,Urban,high
351,Urban,Urban,medium
352,Urban,Semi-urban,high
353,Semi-urban,Semi-urban,medium
354,Urban,Semi-urban,high
355,Rural,Urban,medium
356,Semi-urban,Rural,high
357,Rural,Rural,low
358,Rural,Semi-urban,medium
359,Semi-urban,Rural,medium
360,Rural,Rural,high
361,Urban,Rural,high
362,Rural,Urban,high
363,Semi-urban,Rural,low
364,Semi-urban,Semi-urban,high
365,Semi-urban,Urban,high
366,Semi-urban,Rural,low
367,Rural,Semi-urban,medium
368,Urban,Semi-urban,low
369,Semi-urban,Semi-urban,low
370,Rural,Rural,medium
371,Semi-urban,Rural,medium
372,Urban,Urban,high
373,Semi-urban,Semi-urban,low
374,Rural,Urban,low
375,Urban,Semi-urban,medium
376,Rural,Urban,high
377,Rural,Rural,low
378,Semi-urban,Rural,low
379,Rural,Urban,low
380,Urban,Rural,low
381,Rural,Urban,low
382,Urban,Urban,low
383,Urban,Semi-urban,high
384,Semi-urban,Rural,medium
385,Semi-urban,Rural,low
386,Urban,Rural,medium
387,Urban,Rural,high
388,Rural,Urban,low
389,Rural,Semi-urban,high
390,Semi-urban,Rural,medium
391,Rural,Semi-urban,low
392,Urban,Rural,low
393,Urban,Semi-urban,high
394,Urban,Semi-urban,low
395,Rural,Semi-urban,high
396,Semi-urban,Semi-urban,high
397,Urban,Rural,low
398,Urban,Semi-urban,low
399,Semi-urban,Rural,low
400,Semi-urban,Rural,medium
401,Semi-urban,Rural,low
402,Semi-urban,Semi-urban,low
403,Rural,Urban,high
404,Urban,Rural,high
405,Urban,Semi-urban,medium
406,Rural,Semi-urban,high
407,Semi-urban,Rural,low
408,Rural,Urban,high
409,Urban,Urban,low
410,Semi-urban,Rural,low
411,Rural,Rural,high
412,Urban,Semi-urban,high
413,Semi-urban,Semi-urban,low
414,Urban,Rural,medium
415,Rural,Semi-urban,medium
416,Rural,Rural,high
417,Semi-urban,Urban,high
418,Urban,Rural,low
419,Rural,Rural,low
420,Urban,Rural,high
421,Semi-urban,Rural,high
422,Urban,Rural,medium
423,Urban,Rural,medium
424,Semi-urban,Semi-urban,low
425,Rural,Rural,medium
426,Urban,Rural,low
427,Urban,Semi-urban,medium
428,Urban,Urban,low
429,Semi-urban,Rural,high
430,Urban,Semi-urban,high
431,Semi-urban,Semi-urban,medium
432,Urban,Semi-urban,medium
433,Semi-urban,Semi-urban,medium
434,Urban,Urban,low
435,Rural,Urban,medium
436,Rural,Rural,medium
437,Semi-urban,Semi-urban,low
438,Rural,Rural,medium
439,Semi-urban,Semi-urban,high
440,Rural,Rural,low
441,Urban,Urban,low
442,Semi-urban,Semi-urban,low
443,Rural,Urban,medium
444,Rural,Rural,medium
445,Semi-urban,Rural,high
446,Urban,Semi-urban,medium
447,Semi-urban,Rural,low
448,Urban,Semi-urban,low
449,Rural,Rural,medium
450,Urban,Rural,medium
451,Urban,Semi-urban,medium
452,Urban,Semi-urban,low
453,Urban,Urban,high
454,Urban,Semi-urban,medium
455,Urban,Urban,medium
456,Semi-urban,Urban,high
457,Urban,Rural,low
458,Urban,Urban,low
459,Rural,Urban,low
460,Rural,Rural,low
461,Rural,Rural,low
462,Rural,Urban,low
463,Semi-urban,Semi-urban,medium
464,Semi-urban,Semi-urban,high
465,Rural,Urban,low
466,Semi-urban,Rural,high
467,Rural,Urban,low
468,Semi-urban,Rural,medium
469,Semi-urban,Semi-urban,high
470,Rural,Semi-urban,low
471,Urban,Rural,medium
472,Urban,Urban,high
473,Urban,Semi-urban,high
474,Urban,Rural,medium
475,Semi-urban,Semi-urban,medium
476,Urban,Urban,low
477,Semi-urban,Semi-urban,high
478,Semi-urban,Semi-urban,low
479,Semi-urban,Urban,high
480,Urban,Rural,medium
481,Semi-urban,Semi-urban,medium
482,Urban,Semi-urban,low
483,Semi-urban,Rural,high
484,Semi-urban,Semi-urban,low
485,Semi-urban,Urban,low
486,Semi-urban,Rural,high
487,Urban,Semi-urban,medium
488,Rural,Urban,high
489,Urban,Urban,medium
490,Urban,Urban,medium
491,Rural,Semi-urban,medium
492,Semi-urban,Rural,medium
493,Rural,Semi-urban,low
494,Rural,Rural,low
495,Rural,Semi-urban,high
496,Rural,Semi-urban,high
497,Semi-urban,Urban,medium
498,Rural,Semi-urban,low
499,Rural,Rural,high
500,Semi-urban,Rural,medium
501,Semi-urban,Rural,high
502,Rural,Semi-urban,medium
503,Rural,Urban,high
504,Urban,Rural,high
505,Semi-urban,Rural,high
506,Urban,Urban,medium
507,Urban,Urban,medium
508,Rural,Semi-urban,medium
509,Rural,Urban,low
510,Rural,Urban,low
511,Rural,Rural,high
512,Semi-urban,Urban,high
513,Rural,Urban,medium
514,Urban,Semi-urban,medium
515,Urban,Urban,low
516,Urban,Semi-urban,low
517,Urban,Rural,medium
518,Semi-urban,Urban,medium
519,Urban,Semi-urban,high
520,Semi-urban,Semi-urban,low
521,Urban,Semi-urban,medium
522,Urban,Rural,high
523,Semi-urban,Rural,high
524,Semi-urban,Urban,low
525,Semi-urban,Urban,high
526,Rural,Rural,low
527,Semi-urban,Urban,high
528,Semi-urban,Semi-urban,high
529,Rural,Rural,medium
530,Rural,Rural,low
531,Rural,Urban,high
532,Rural,Rural,high
533,Urban,Rural,medium
534,Rural,Semi-urban,high
535,Rural,Urban,medium
536,Rural,Rural,high
537,Rural,Urban,medium
538,Semi-urban,Urban,low
539,Semi-urban,Semi-urban,high
540,Semi-urban,Urban,high
541,Rural,Semi-urban,medium
542,Rural,Rural,low
543,Semi-urban,Rural,low
544,Urban,Urban,medium
545,Semi-urban,Semi-urban,high
546,Rural,Rural,low
547,Urban,Urban,medium
548,Semi-urban,Rural,medium
549,Urban,Urban,high
550,Semi-urban,Urban,low
551,Semi-urban,Urban,low
552,Rural,Urban,low
553,Urban,Semi-urban,low
554,Urban,Rural,high
555,Semi-urban,Urban,low
556,Rural,Semi-urban,high
557,Rural,Rural,medium
558,Semi-urban,Rural,medium
559,Semi-urban,Urban,low
560,Semi-urban,Urban,low
561,Urban,Rural,low
562,Urban,Rural,high
563,Semi-urban,Urban,medium
564,Rural,Urban,low
565,Urban,Semi-urban,low
566,Rural,Semi-urban,high
567,Rural,Semi-urban,low
568,Urban,Rural,high
569,Semi-urban,Urban,high
570,Rural,Rural,low
571,Urban,Semi-urban,medium
572,Semi-urban,Semi-urban,low
573,Urban,Semi-urban,low
574,Urban,Rural,medium
575,Urban,Semi-urban,high
576,Rural,Urban,low
577,Semi-urban,Semi-urban,high
578,Rural,Rural,low
579,Semi-urban,Urban,medium
580,Semi-urban,Rural,high
581,Semi-urban,Urban,low
582,Urban,Semi-urban,high
583,Semi-urban,Rural,high
584,Urban,Rural,low
585,Semi-urban,Urban,high
586,Rural,Rural,high
587,Semi-urban,Semi-urban,high
588,Rural,Urban,low
589,Urban,Semi-urban,medium
590,Urban,Urban,high
591,Rural,Semi-urban,high
592,Semi-urban,Rural,medium
593,Semi-urban,Rural,low
594,Rural,Rural,medium
595,Urban,Urban,low
596,Urban,Urban,low
597,Semi-urban,Semi-urban,high
598,Urban,Rural,medium
599,Semi-urban,Rural,high
600,Rural,Semi-urban,high
601,Urban,Urban,high
602,Urban,Semi-urban,medium
603,Urban,Semi-urban,medium
604,Rural,Rural,high
605,Urban,Rural,medium
606,Urban,Urban,low
607,Semi-urban,Semi-urban,low
608,Rural,Urban,low
609,Semi-urban,Semi-urban,low
610,Rural,Urban,medium
611,Semi-urban,Urban,high
612,Urban,Semi-urban,low
613,Urban,Semi-urban,high
614,Semi-urban,Semi-urban,medium
615,Semi-urban,Rural,medium
616,Semi-urban,Urban,high
617,Urban,Urban,high
618,Rural,Rural,low
619,Semi-urban,Semi-urban,low
620,Urban,Urban,high
621,Urban,Rural,medium
622,Rural,Rural,medium
623,Urban,Semi-urban,medium
624,Rural,Rural,high
625,Semi-urban,Urban,high
626,Rural,Rural,medium
627,Urban,Rural,high
628,Urban,Rural,low
629,Semi-urban,Urban,medium
630,Semi-urban,Urban,medium
631,Rural,Rural,low
632,Rural,Urban,medium
633,Rural,Rural,high
634,Rural,Urban,medium
635,Semi-urban,Rural,medium
636,Rural,Urban,medium
637,Urban,Rural,high
638,Urban,Rural,low
639,Rural,Semi-urban,medium
640,Urban,Rural,high
641,Urban,Rural,high
642,Semi-urban,Rural,high
643,Urban,Urban,medium
644,Urban,Rural,medium
645,Urban,Semi-urban,high
646,Urban,Rural,medium
647,Semi-urban,Rural,medium
648,Semi-urban,Urban,medium
649,Semi-urban,Semi-urban,medium
650,Urban,Urban,high
651,Urban,Semi-urban,medium
652,Rural,Semi-urban,high
653,Rural,Rural,low
654,Rural,Semi-urban,medium
655,Semi-urban,Rural,low
656,Semi-urban,Urban,medium
657,Rural,Urban,high
658,Rural,Urban,high
659,Rural,Semi-urban,low
660,Semi-urban,Semi-urban,low
661,Rural,Urban,low
662,Urban,Urban,high
663,Urban,Rural,medium
664,Urban,Urban,high
665,Urban,Semi-urban,low
666,Rural,Urban,low
667,Rural,Rural,low
668,Semi-urban,Semi-urban,low
669,Urban,Semi-urban,low
670,Rural,Rural,high
671,Rural,Urban,high
672,Rural,Rural,high
673,Rural,Semi-urban,low
674,Rural,Urban,high
675,Semi-urban,Rural,low
676,Urban,Urban,high
677,Urban,Rural,medium
678,Urban,Urban,low
679,Urban,Semi-urban,low
680,Semi-urban,Semi-urban,medium
681,Urban,Rural,medium
682,Rural,Rural,medium
683,Rural,Urban,low
684,Rural,Urban,high
685,Semi-urban,Urban,medium
686,Semi-urban,Urban,low
687,Urban,Rural,high
688,Urban,Rural,medium
689,Rural,Urban,medium
690,Rural,Urban,high
691,Semi-urban,Rural,low
692,Semi-urban,Semi-urban,high
693,Urban,Semi-urban,low
694,Rural,Rural,low
695,Rural,Rural,high
696,Semi-urban,Semi-urban,high
697,Urban,Rural,medium
698,Semi-urban,Rural,medium
699,Urban,Semi-urban,medium
700,Urban,Urban,high
701,Urban,Urban,low
702,Rural,Rural,high
703,Urban,Semi-urban,low
704,Urban,Semi-urban,high
705,Rural,Urban,high
706,Urban,Semi-urban,medium
707,Rural,Rural,medium
708,Urban,Rural,high
709,Semi-urban,Rural,high
710,Semi-urban,Urban,low
711,Rural,Rural,medium
712,Urban,Rural,low
713,Urban,Rural,high
714,Rural,Semi-urban,high
715,Semi-urban,Semi-urban,low
716,Semi-urban,Urban,high
717,Urban,Urban,high
718,Semi-urban,Rural,medium
719,Urban,Rural,high
720,Semi-urban,Urban,medium
721,Semi-urban,Urban,high
722,Urban,Urban,high
723,Semi-urban,Rural,medium
724,Urban,Rural,medium
725,Rural,Urban,low
726,Semi-urban,Semi-urban,medium
727,Urban,Rural,high
728,Rural,Semi-urban,high
729,Rural,Semi-urban,high
730,Semi-urban,Urban,low
731,Semi-urban,Rural,high
732,Rural,Rural,high
733,Urban,Urban,medium
734,Rural,Rural,high
735,Semi-urban,Rural,high
736,Semi-urban,Urban,low
737,Urban,Urban,low
738,Semi-urban,Semi-urban,medium
739,Rural,Rural,medium
740,Rural,Semi-urban,medium
741,Rural,Semi-urban,low
742,Urban,Semi-urban,high
743,Rural,Urban,high
744,Urban,Semi-urban,medium
745,Urban,Urban,medium
746,Semi-urban,Rural,medium
747,Semi-urban,Rural,high
748,Urban,Urban,high
749,Rural,Urban,high
750,Rural,Rural,medium
751,Semi-urban,Rural,high
752,Rural,Rural,low
753,Rural,Semi-urban,medium
754,Semi-urban,Rural,medium
755,Rural,Rural,medium
756,Semi-urban,Urban,high
757,Urban,Rural,low
758,Urban,Rural,high
759,Semi-urban,Urban,high
760,Semi-urban,Semi-urban,high
761,Urban,Urban,low
762,Semi-urban,Semi-urban,high
763,Semi-urban,Semi-urban,high
764,Urban,Semi-urban,medium
765,Semi-urban,Semi-urban,medium
766,Urban,Rural,medium
767,Rural,Rural,high
768,Semi-urban,Urban,high
769,Rural,Semi-urban,low
770,Urban,Urban,medium
771,Urban,Rural,medium
772,Semi-urban,Semi-urban,low
773,Rural,Urban,medium
774,Rural,Urban,low
775,Rural,Semi-urban,high
776,Rural,Rural,high
777,Semi-urban,Rural,high
778,Semi-urban,Rural,medium
779,Urban,Rural,medium
780,Semi-urban,Rural,low
781,Semi-urban,Semi-urban,low
782,Rural,Semi-urban,medium
783,Rural,Urban,medium
784,Semi-urban,Semi-urban,medium
785,Semi-urban,Rural,medium
786,Semi-urban,Rural,high
787,Semi-urban,Semi-urban,high
788,Rural,Rural,medium
789,Semi-urban,Urban,high
790,Semi-urban,Semi-urban,medium
791,Urban,Rural,high
792,Semi-urban,Rural,low
793,Rural,Urban,low
794,Semi-urban,Urban,low
795,Rural,Urban,low
796,Urban,Urban,medium
797,Urban,Semi-urban,high
798,Urban,Semi-urban,high
799,Semi-urban,Urban,low
800,Urban,Urban,medium
801,Urban,Semi-urban,medium
802,Urban,Rural,medium
803,Urban,Semi-urban,low
804,Urban,Urban,medium
805,Rural,Rural,medium
806,Rural,Semi-urban,low
807,Semi-urban,Rural,low
808,Rural,Urban,low
809,Urban,Urban,high
810,Rural,Urban,high
811,Semi-urban,Rural,low
812,Semi-urban,Rural,medium
813,Semi-urban,Semi-urban,medium
814,Urban,Urban,low
815,Urban,Rural,high
816,Rural,Rural,low
817,Rural,Semi-urban,low
818,Rural,Semi-urban,medium
819,Rural,Rural,medium
820,Rural,Rural,low
821,Urban,Semi-urban,low
822,Rural,Urban,low
823,Rural,Rural,high
824,Urban,Rural,medium
825,Semi-urban,Urban,high
826,Rural,Semi-urban,high
827,Rural,Semi-urban,medium
828,Rural,Semi-urban,high
829,Semi-urban,Semi-urban,medium
830,Semi-urban,Semi-urban,high
831,Semi-urban,Semi-urban,medium
832,Rural,Urban,high
833,Semi-urban,Rural,low
834,Semi-urban,Urban,medium
835,Urban,Urban,low
836,Urban,Rural,low
837,Urban,Semi-urban,high
838,Semi-urban,Semi-urban,low
839,Rural,Semi-urban,medium
840,Rural,Urban,medium
841,Urban,Semi-urban,medium
842,Urban,Semi-urban,medium
843,Rural,Semi-urban,high
844,Rural,Urban,medium
845,Semi-urban,Semi-urban,high
846,Urban,Rural,high
847,Semi-urban,Urban,medium
848,Urban,Semi-urban,high
849,Rural,Urban,low
850,Urban,Semi-urban,high
851,Urban,Urban,high
852,Urban,Urban,medium
853,Semi-urban,Semi-urban,medium
854,Rural,Rural,low
855,Semi-urban,Semi-urban,high
856,Rural,Urban,medium
857,Semi-urban,Semi-urban,high
858,Urban,Semi-urban,high
859,Urban,Rural,low
860,Semi-urban,Rural,low
861,Urban,Rural,low
862,Semi-urban,Rural,low
863,Semi-urban,Rural,low
864,Semi-urban,Semi-urban,medium
865,Semi-urban,Rural,medium
866,Semi-urban,Rural,high
867,Rural,Semi-urban,high
868,Urban,Rural,low
869,Semi-urban,Rural,low
870,Rural,Rural,medium
871,Rural,Rural,medium
872,Rural,Urban,medium
873,Rural,Semi-urban,medium
874,Urban,Urban,high
875,Semi-urban,Rural,medium
876,Urban,Rural,low
877,Urban,Urban,medium
878,Semi-urban,Urban,high
879,Urban,Urban,low
880,Rural,Semi-urban,medium
881,Rural,Rural,medium
882,Semi-urban,Rural,high
883,Rural,Rural,high
884,Rural,Semi-urban,low
885,Rural,Urban,low
886,Rural,Rural,high
887,Semi-urban,Rural,medium
888,Rural,Urban,high
889,Semi-urban,Semi-urban,high
890,Rural,Rural,medium
891,Semi-urban,Urban,high
892,Rural,Semi-urban,high
893,Semi-urban,Rural,high
894,Semi-urban,Semi-urban,medium
895,Semi-urban,Urban,high
896,Urban,Urban,low
897,Urban,Semi-urban,low
898,Rural,Urban,low
899,Semi-urban,Semi-urban,high
900,Rural,Rural,medium
901,Rural,Urban,high
902,Semi-urban,Semi-urban,high
903,Urban,Rural,medium
904,Urban,Rural,low
905,Semi-urban,Semi-urban,high
906,Rural,Urban,low
907,Rural,Rural,medium
908,Semi-urban,Semi-urban,low
909,Rural,Rural,low
910,Rural,Urban,high
911,Semi-urban,Urban,low
912,Rural,Rural,high
913,Urban,Urban,low
914,Semi-urban,Urban,high
915,Rural,Urban,medium
916,Rural,Semi-urban,high
917,Semi-urban,Rural,medium
918,Semi-urban,Semi-urban,medium
919,Semi-urban,Urban,high
920,Urban,Semi-urban,low
921,Rural,Semi-urban,medium
922,Urban,Semi-urban,low
923,Rural,Semi-urban,medium
924,Urban,Rural,high
925,Rural,Semi-urban,high
926,Urban,Urban,low
927,Rural,Semi-urban,high
928,Semi-urban,Urban,low
929,Urban,Semi-urban,high
930,Semi-urban,Semi-urban,medium
931,Urban,Rural,high
932,Semi-urban,Rural,high
933,Urban,Rural,high
934,Semi-urban,Semi-urban,high
935,Urban,Semi-urban,high
936,Semi-urban,Urban,medium
937,Rural,Urban,medium
938,Rural,Rural,high
939,Urban,Urban,medium
940,Rural,Rural,medium
941,Urban,Semi-urban,high
942,Urban,Semi-urban,low
943,Semi-urban,Urban,low
944,Semi-urban,Urban,medium
945,Urban,Rural,low
946,Semi-urban,Urban,medium
947,Rural,Urban,high
948,Urban,Rural,low
949,Rural,Urban,low
950,Urban,Semi-urban,medium
951,Urban,Semi-urban,high
952,Semi-urban,Urban,low
953,Urban,Semi-urban,medium
954,Semi-urban,Rural,high
955,Semi-urban,Semi-urban,high
956,Semi-urban,Semi-urban,medium
957,Semi-urban,Rural,low
958,Urban,Semi-urban,medium
959,Urban,Urban,medium
960,Semi-urban,Rural,low
961,Rural,Rural,medium
962,Rural,Urban,high
963,Urban,Semi-urban,medium
964,Urban,Rural,medium
965,Urban,Semi-urban,low
966,Rural,Rural,medium
967,Urban,Semi-urban,high
968,Urban,Rural,medium
969,Semi-urban,Semi-urban,high
970,Rural,Urban,medium
971,Rural,Semi-urban,low
972,Rural,Semi-urban,high
973,Semi-urban,Rural,low
974,Urban,Rural,high
975,Rural,Urban,high
976,Semi-urban,Urban,high
977,Urban,Semi-urban,low
978,Urban,Urban,medium
979,Semi-urban,Rural,high
980,Semi-urban,Rural,medium
981,Semi-urban,Semi-urban,low
982,Semi-urban,Rural,medium
983,Semi-urban,Rural,low
984,Urban,Rural,medium
985,Semi-urban,Semi-urban,low
986,Semi-urban,Urban,low
987,Semi-urban,Urban,low
988,Urban,Urban,high
989,Semi-urban,Rural,low
990,Semi-urban,Rural,high
991,Urban,Semi-urban,medium
992,Semi-urban,Rural,medium
993,Rural,Semi-urban,low
994,Semi-urban,Urban,low
995,Urban,Rural,high
996,Semi-urban,Semi-urban,high
997,Semi-urban,Urban,high
998,Semi-urban,Rural,medium
999,Urban,Rural,high
1000,Rural,Rural,low
